GEOID,County,State,State Name,Wildfire Hazard Potential Score,Drought Risk Score,Wind Plant Capacity,Oil Production Quantity,Gas Production Quantity,Latitude,Longitude,geometry,Pareto Efficient
2020,Anchorage Municipality,AK,Alaska,0.151,0.1,0.3141851718157316,0.0,0.0,61.1395,-150.216,POINT (-150.216 61.1395),False
2122,Kenai Peninsula Borough,AK,Alaska,0.151,0.1,0.0,0.0,1.759297746679391,59.85049932,-151.5676667,POINT (-151.5676667 59.85049932),False
2150,Kodiak Island Borough,AK,Alaska,0.151,0.1,0.1411767263761118,0.0,0.0,57.7869,-152.4406,POINT (-152.4406 57.7869),False
2185,North Slope Borough,AK,Alaska,0.151,0.1,0.0,2.291417696804925,1.4393007435935092,70.16943313,-146.3166757,POINT (-146.3166757 70.16943313),True
4003,Cochise County,AZ,Arizona,0.151,0.1,0.3825054106133182,0.0,0.0,32.3096,-110.087,POINT (-110.087 32.3096),False
4005,Coconino County,AZ,Arizona,0.151,0.1,0.6675487721843119,0.0,0.0,34.6815,-110.8017,POINT (-110.8017 34.6815),False
4015,Mohave County,AZ,Arizona,0.151,0.1,0.7211839716122328,0.0,0.0,35.8005,-114.441,POINT (-114.441 35.8005),False
4017,Navajo County,AZ,Arizona,0.151,0.1,0.4836702335801509,0.0,0.0,34.6706,-110.258,POINT (-110.258 34.6706),False
5045,Faulkner County,AR,Arkansas,0.151,0.1,0.5473416939016906,0.0,0.0,34.9668,-92.3678,POINT (-92.3678 34.9668),False
6001,Alameda County,CA,California,0.151,0.1,0.9926797556583684,0.0,0.0,37.7464,-121.616,POINT (-121.616 37.7464),False
6013,Contra Costa County,CA,California,0.151,0.1,0.4145442984364001,0.0,0.0,37.8036,-121.655,POINT (-121.655 37.8036),False
6019,Fresno County,CA,California,0.151,0.1,0.0,0.2862250477093935,0.0,36.17673373,-120.3957941,POINT (-120.3957941 36.17673373),False
6029,Kern County,CA,California,0.151,0.1,7.608686868891195,0.7471204133457079,0.0,34.9836,-118.227,POINT (-118.227 34.9836),True
6037,Los Angeles County,CA,California,0.151,0.1,0.0518545662940999,0.0,0.0,34.691,-118.221,POINT (-118.221 34.691),False
6053,Monterey County,CA,California,0.151,0.1,0.1414302373077343,0.2034175333595739,0.0,35.9425204,-120.8492921,POINT (-120.8492921 35.9425204),False
6065,Riverside County,CA,California,0.151,0.1,2.476660394543398,0.0,0.0,33.9053,-116.5825,POINT (-116.5825 33.9053),False
6071,San Bernardino County,CA,California,0.151,0.1,0.0677563684164234,0.0,0.0,34.0847,-117.5294,POINT (-117.5294 34.0847),False
6073,San Diego County,CA,California,0.151,0.1,0.4519826113074339,0.0,0.0,32.7217,-116.344,POINT (-116.344 32.7217),False
6077,San Joaquin County,CA,California,0.151,0.1,0.0,0.0,0.0,37.6167,-121.3564,POINT (-121.3564 37.6167),False
6083,Santa Barbara County,CA,California,0.151,0.1,0.540691461338779,0.0,0.0,34.5798,-120.5643,POINT (-120.5643 34.5798),False
6089,Shasta County,CA,California,0.151,0.1,0.5489900327034007,0.0,0.0,40.8987,-121.801,POINT (-121.801 40.8987),False
6095,Solano County,CA,California,0.151,0.1,2.0689684048127672,0.0,0.0,38.0938,-121.772,POINT (-121.772 38.0938),False
8001,Adams County,CO,Colorado,0.151,0.1,0.0,0.0,0.5603743499418148,39.7757615,-104.6279737,POINT (-104.6279737 39.7757615),False
8017,Cheyenne County,CO,Colorado,0.151,0.1,0.7702831541751849,0.0,0.0,38.9793,-102.323,POINT (-102.323 38.9793),False
8041,El Paso County,CO,Colorado,0.151,0.1,0.674385619830713,0.0,0.0,38.9244,-104.224,POINT (-104.224 38.9244),False
8045,Garfield County,CO,Colorado,0.151,0.1,0.0,0.1694819803226602,0.0,39.40868218,-108.0204516,POINT (-108.0204516 39.40868218),False
8055,Huerfano County,CO,Colorado,0.151,0.1,0.0565857898718861,0.0,0.0,37.7722,-104.8322,POINT (-104.8322 37.7722),False
8063,Kit Carson County,CO,Colorado,0.151,0.1,0.6992728849081407,0.0,0.0,39.0888,-103.0251,POINT (-103.0251 39.0888),False
8067,La Plata County,CO,Colorado,0.151,0.1,0.0,7.141282547730569e-05,1.0085747981596778,37.0761,-107.7211,POINT (-107.7211 37.0761),False
8071,Las Animas County,CO,Colorado,0.151,0.1,0.4746633841060436,0.0,0.570833841042725,37.19143292,-104.7824066,POINT (-104.7824066 37.19143292),False
8073,Lincoln County,CO,Colorado,0.151,0.1,1.440315074842614,0.0,0.0,39.1036,-103.227,POINT (-103.227 39.1036),False
8075,Logan County,CO,Colorado,0.151,0.1,2.652662521662281,0.0,0.0,40.633,-102.9265,POINT (-102.9265 40.633),False
8077,Mesa County,CO,Colorado,0.151,0.1,0.0,0.0,0.7984755568444251,39.23569224,-107.7676528,POINT (-107.7676528 39.23569224),False
8099,Prowers County,CO,Colorado,0.151,0.1,0.6488299916239036,0.0,0.0,37.7599,-102.565,POINT (-102.565 37.7599),False
8103,Rio Blanco County,CO,Colorado,0.151,0.1,0.0,0.0144174434356201,0.5363616004239612,39.89530304,-108.2429562,POINT (-108.2429562 39.89530304),False
8123,Weld County,CO,Colorado,0.151,0.1,1.2794567516966684,1.0629540743727863,4.88387996278048,40.05272512,-104.6046814,POINT (-104.6046814 40.05272512),True
10005,Sussex County,DE,Delaware,0.06,0.0,0.0565857898718861,0.0,0.0,38.7829,-75.1649,POINT (-75.1649 38.7829),False
15001,Hawaii County,HI,Hawaii,0.1169999999999999,0.106040655090116,0.3346448198081723,0.0,0.0,18.978,-155.688,POINT (-155.688 18.978),False
15003,Honolulu County,HI,Hawaii,0.1969999999999999,0.0447017343243758,0.7537651914678771,0.0,0.0,21.6692,-157.9501,POINT (-157.9501 21.6692),False
15009,Maui County,HI,Hawaii,0.1,0.181957055214724,0.3346448198081723,0.0,0.0,20.8001,-156.539,POINT (-156.539 20.8001),False
16011,Bingham County,ID,Idaho,0.362,0.0,0.6124152090428434,0.0,0.0,43.5227,-112.813,POINT (-112.813 43.5227),False
16019,Bonneville County,ID,Idaho,0.283,0.0,2.108132546102339,0.0,0.0,43.3711,-111.844,POINT (-111.844 43.3711),True
16031,Cassia County,ID,Idaho,0.505,0.0,0.6613246135780351,0.0,0.0,42.4562,-114.019,POINT (-114.019 42.4562),False
16039,Elmore County,ID,Idaho,0.503,0.0,0.3467879300199767,0.0,0.0,43.0338,-115.483,POINT (-115.483 43.0338),False
16077,Power County,ID,Idaho,0.4429999999999999,0.0,0.3408484068640458,0.0,0.0,42.7083,-112.761,POINT (-112.761 42.7083),False
16083,Twin Falls County,ID,Idaho,0.429,0.0,1.3472607967588388,0.0,0.0,42.8461,-114.969,POINT (-114.969 42.8461),False
17009,Brown County,IL,Illinois,0.0579999999999999,0.260581133619808,0.0311414073700367,0.0,0.0,39.9733,-90.6992,POINT (-90.6992 39.9733),False
17011,Bureau County,IL,Illinois,0.016,0.0,1.834999115965628,0.0,0.0,41.2175,-89.5764,POINT (-89.5764 41.2175),False
17053,Ford County,IL,Illinois,0.004,0.0,1.1778823122164543,0.0,0.0,40.4544,-88.0148,POINT (-88.0148 40.4544),True
17063,Grundy County,IL,Illinois,0.017,0.0,0.6419875560804256,0.0,0.0,41.1319,-88.5442,POINT (-88.5442 41.1319),False
17073,Henry County,IL,Illinois,0.015,0.0,0.6819603789234883,0.0,0.0,41.2262,-90.1732,POINT (-90.1732 41.2262),False
17075,Iroquois County,IL,Illinois,0.0069999999999999,0.0336016696481813,1.2286822960015116,0.0,0.0,40.7529,-87.5787,POINT (-87.5787 40.7529),True
17099,LaSalle County,IL,Illinois,0.015,0.0,1.0554487467948102,0.0,0.0,40.9414,-88.9715,POINT (-88.9715 40.9414),False
17103,Lee County,IL,Illinois,0.012,0.0,1.277984342304176,0.0,0.0,41.6083,-89.5005,POINT (-89.5005 41.6083),False
17105,Livingston County,IL,Illinois,0.006,0.0,0.6997373037376682,0.0,0.0,40.9688,-88.3801,POINT (-88.3801 40.9688),False
17107,Logan County,IL,Illinois,0.009,0.0,1.7747309464065568,0.0,0.0,39.9448,-89.2967,POINT (-89.2967 39.9448),False
17113,McLean County,IL,Illinois,0.008,0.0,1.933871836706446,0.0,0.0,40.4178,-88.5522,POINT (-88.5522 40.4178),True
17115,Macon County,IL,Illinois,0.012,0.01902,0.6891450837891508,0.0,0.0,39.9986,-89.0965,POINT (-89.0965 39.9986),False
17123,Marshall County,IL,Illinois,0.02,0.0,1.1407839929539014,0.0,0.0,40.9878,-89.0676,POINT (-89.0676 40.9878),False
17179,Tazewell County,IL,Illinois,0.02,0.0,0.5480308692749947,0.0,0.0,40.355,-89.4063,POINT (-89.4063 40.355),False
17183,Vermilion County,IL,Illinois,0.016,0.13782978089134,0.5445504462679747,0.0,0.0,40.3854,-87.7915,POINT (-87.7915 40.3854),False
18007,Benton County,IN,Indiana,0.004,0.15850725150336,1.1301221199447478,0.0,0.0,40.5839,-87.3336,POINT (-87.3336 40.5839),False
18009,Blackford County,IN,Indiana,0.018,0.2,0.6433831450052341,0.0,0.0,40.4021,-85.3006,POINT (-85.3006 40.4021),False
18135,Randolph County,IN,Indiana,0.015,0.172700655591624,1.2155922973565625,0.0,0.0,40.1097,-84.995,POINT (-84.995 40.1097),False
18171,Warren County,IN,Indiana,0.022,0.2,0.7392815141973836,0.0,0.0,40.4578,-87.383,POINT (-87.383 40.4578),False
18181,White County,IN,Indiana,0.01,0.162030905077263,0.6447649159910247,0.0,0.0,40.7794,-87.0421,POINT (-87.0421 40.7794),False
19001,Adair County,IA,Iowa,0.0279999999999999,0.366091602203795,2.538111845314681,0.0,0.0,41.2258,-94.4406,POINT (-94.4406 41.2258),False
19003,Adams County,IA,Iowa,0.0409999999999999,0.3,0.6184792817201891,0.0,0.0,40.9239,-94.7163,POINT (-94.7163 40.9239),False
19009,Audubon County,IA,Iowa,0.019,0.380732187516629,0.6433831450052341,0.0,0.0,41.7588,-94.7951,POINT (-94.7951 41.7588),False
19015,Boone County,IA,Iowa,0.02,0.358974650449017,0.6208248449915643,0.0,0.0,42.0736,-94.1625,POINT (-94.1625 42.0736),False
19021,Buena Vista County,IA,Iowa,0.01,0.06149,0.5165452996356352,0.0,0.0,42.8663,-95.3766,POINT (-95.3766 42.8663),False
19027,Carroll County,IA,Iowa,0.01,0.299913295761497,0.5527620928527808,0.0,0.0,42.1461,-95.0482,POINT (-95.0482 42.1461),False
19029,Cass County,IA,Iowa,0.022,0.342164902340838,0.0835722624230871,0.0,0.0,41.371,-94.7539,POINT (-94.7539 41.371),False
19033,Cerro Gordo County,IA,Iowa,0.0139999999999999,0.396410048827384,0.4281705015588706,0.0,0.0,43.0548,-93.4482,POINT (-93.4482 43.0548),False
19035,Cherokee County,IA,Iowa,0.017,0.08083,0.6512790162866793,0.0,0.0,42.8611,-95.748,POINT (-95.748 42.8611),False
19037,Chickasaw County,IA,Iowa,0.018,0.4,0.6450396360196624,0.0,0.0,43.1401,-92.3244,POINT (-92.3244 43.1401),False
19041,Clay County,IA,Iowa,0.024,0.06567,0.3346448198081723,0.0,0.0,43.0475,-94.9229,POINT (-94.9229 43.0475),False
19055,Delaware County,IA,Iowa,0.022,0.338161862260282,0.2083463059975045,0.0,0.0,42.4693,-91.4739,POINT (-91.4739 42.4693),False
19059,Dickinson County,IA,Iowa,0.027,0.1,0.4329558067996016,0.0,0.0,43.3989,-95.3371,POINT (-95.3371 43.3989),False
19063,Emmet County,IA,Iowa,0.017,0.1,0.0418819155295915,0.0,0.0,43.3853,-94.8157,POINT (-94.8157 43.3853),False
19067,Floyd County,IA,Iowa,0.016,0.4,0.5165452996356352,0.0,0.0,43.0042,-92.7265,POINT (-92.7265 43.0042),False
19069,Franklin County,IA,Iowa,0.01,0.369803533102196,0.6440757406177209,0.0,0.0,42.7346,-93.4448,POINT (-93.4448 42.7346),False
19073,Greene County,IA,Iowa,0.013,0.367645266714673,0.2099056264598025,0.0,0.0,42.0989,-94.2692,POINT (-94.2692 42.0989),False
19075,Grundy County,IA,Iowa,0.006,0.350878622134295,0.5340127836811697,0.0,0.0,42.3322,-92.9659,POINT (-92.9659 42.3322),False
19079,Hamilton County,IA,Iowa,0.01,0.3,1.302755655424778,0.0,0.0,42.2141,-93.8767,POINT (-93.8767 42.2141),False
19081,Hancock County,IA,Iowa,0.01,0.310789728013254,1.15868861212674,0.0,0.0,42.9422,-93.664,POINT (-93.664 42.9422),False
19087,Henry County,IA,Iowa,0.04,0.36812229512774,0.0311414073700367,0.0,0.0,40.955,-91.3944,POINT (-91.3944 40.955),False
19089,Howard County,IA,Iowa,0.018,0.4,1.036016356737542,0.0,0.0,43.3929,-92.3341,POINT (-92.3341 43.3929),False
19093,Ida County,IA,Iowa,0.01,0.143272470809498,0.5373178574665252,0.0,0.0,42.2643,-95.3557,POINT (-95.3557 42.2643),False
19095,Iowa County,IA,Iowa,0.045,0.354805396542301,0.5232722755216148,0.0,0.0,41.6934,-92.1786,POINT (-92.1786 41.6934),False
19109,Kossuth County,IA,Iowa,0.009,0.192939350141855,2.027471512699331,0.0,0.0,42.9867,-94.1336,POINT (-94.1336 42.9867),False
19127,Marshall County,IA,Iowa,0.021,0.3,1.01400541930053,0.0,0.0,41.9191,-92.9566,POINT (-92.9566 41.9191),False
19131,Mitchell County,IA,Iowa,0.013,0.3989236520561,1.3214291001601688,0.0,0.0,43.2797,-92.8106,POINT (-92.8106 43.2797),False
19141,O'Brien County,IA,Iowa,0.009,0.09026,1.0870496962175316,0.0,0.0,43.0803,-95.6561,POINT (-95.6561 43.0803),False
19143,Osceola County,IA,Iowa,0.008,0.1,0.6600519253592624,0.0,0.0,43.3891,-95.4025,POINT (-95.4025 43.3891),False
19147,Palo Alto County,IA,Iowa,0.012,0.131862126944094,0.674385619830713,0.0,0.0,43.2178,-94.5827,POINT (-94.5827 43.2178),False
19151,Pocahontas County,IA,Iowa,0.006,0.140130844104037,0.6824860207105594,0.0,0.0,42.5643,-94.7309,POINT (-94.7309 42.5643),False
19155,Pottawattamie County,IA,Iowa,0.024,0.302477887832511,0.616683362168448,0.0,0.0,41.4954,-95.1672,POINT (-95.1672 41.4954),False
19157,Poweshiek County,IA,Iowa,0.024,0.310339005065593,0.6906376940544414,0.0,0.0,41.6328,-92.4334,POINT (-92.4334 41.6328),False
19161,Sac County,IA,Iowa,0.01,0.190585662785887,0.8067474397837258,0.0,0.0,42.4243,-95.1741,POINT (-95.1741 42.4243),False
19169,Story County,IA,Iowa,0.0139999999999999,0.3,1.0215437297215335,0.0,0.0,41.881,-93.6231,POINT (-93.6231 41.881),False
19171,Tama County,IA,Iowa,0.043,0.377549375251915,0.0311414073700367,0.0,0.0,42.1614,-92.4425,POINT (-92.4425 42.1614),False
19173,Taylor County,IA,Iowa,0.044,0.22593782955858,0.6104599023890362,0.0,0.0,40.5934,-94.9075,POINT (-94.9075 40.5934),False
19175,Union County,IA,Iowa,0.051,0.302187966185977,0.5759735040453786,0.0,0.0,41.1356,-94.4415,POINT (-94.4415 41.1356),False
19195,Worth County,IA,Iowa,0.015,0.341394973552879,0.9263583744942492,0.0,0.0,43.3346,-93.4069,POINT (-93.4069 43.3346),False
20001,Allen County,KS,Kansas,0.072,0.197922727504721,0.6428962747848583,0.0,0.0,37.9918,-95.2782,POINT (-95.2782 37.9918),False
20025,Clark County,KS,Kansas,0.397,0.09505,0.6433831450052341,0.0,0.0,37.3771,-99.9468,POINT (-99.9468 37.3771),False
20029,Cloud County,KS,Kansas,0.046,0.264060995184591,0.5540849248374213,0.0,0.0,39.4263,-97.5622,POINT (-97.5622 39.4263),False
20031,Coffey County,KS,Kansas,0.175,0.148965413079595,0.6426870950362544,0.0,0.0,38.3528,-95.557,POINT (-95.557 38.3528),False
20057,Ford County,KS,Kansas,0.07,0.122871165644172,1.0654999250752455,0.0,0.0,37.8386,-99.774,POINT (-99.774 37.8386),False
20067,Grant County,KS,Kansas,0.066,0.0,0.6742743741257533,0.0,0.0,37.644,-101.102,POINT (-101.102 37.644),False
20069,Gray County,KS,Kansas,0.039,0.00225,1.1804431284211183,0.0,0.0,37.6133,-100.355,POINT (-100.355 37.6133),False
20095,Kingman County,KS,Kansas,0.155,0.101209082866411,1.163421104117117,0.0,0.0,37.3934,-98.0307,POINT (-98.0307 37.3934),False
20097,Kiowa County,KS,Kansas,0.349,0.143603378167032,0.2664914163316887,0.0,0.0,37.5496,-99.3415,POINT (-99.3415 37.5496),False
20105,Lincoln County,KS,Kansas,0.07,0.332510565321247,1.3260361195412091,0.0,0.0,38.8792,-98.0461,POINT (-98.0461 38.8792),False
20117,Marshall County,KS,Kansas,0.12,0.204302400078853,1.2054473554483276,0.0,0.0,39.6987,-96.5513,POINT (-96.5513 39.6987),False
20131,Nemaha County,KS,Kansas,0.1009999999999999,0.2,0.6997373037376682,0.0,0.0,39.5938,-96.0831,POINT (-96.0831 39.5938),False
20165,Rush County,KS,Kansas,0.052,0.20326409495549,0.4538850830405399,0.0,0.0,38.4296,-99.5371,POINT (-99.5371 38.4296),False
20191,Sumner County,KS,Kansas,0.043,0.04666,0.6034661354873763,0.0,0.0,37.1133,-97.2599,POINT (-97.2599 37.1133),False
20193,Thomas County,KS,Kansas,0.032,0.199939963978387,0.6404361151161666,0.0,0.0,39.3186,-100.8662,POINT (-100.8662 39.3186),False
22007,Assumption Parish,LA,Louisiana,0.066,0.293589696681424,0.0,0.0022369580527517,0.1642327400583756,29.91040164,-91.12593106,POINT (-91.12593106 29.91040164),True
22013,Bienville Parish,LA,Louisiana,0.3429999999999999,0.388109580430569,0.0,0.0005436343990313,2.5662666131188283,32.26150483,-93.3162617,POINT (-93.3162617 32.26150483),False
22015,Bossier Parish,LA,Louisiana,0.26,0.194686956979622,0.0,0.0001148605815953,2.6861178032056463,32.35725348,-93.46932099,POINT (-93.46932099 32.35725348),False
22017,Caddo Parish,LA,Louisiana,0.245,0.184433144574136,0.0,0.0307294067309462,3.752904688666556,32.26092111,-93.95555383,POINT (-93.95555383 32.26092111),False
22023,Cameron Parish,LA,Louisiana,0.406,0.3,0.0,0.0,0.50116244524981,29.94944757,-93.74637005,POINT (-93.74637005 29.94944757),False
22031,De Soto Parish,LA,Louisiana,0.231,0.205810247609708,0.0,0.0032093763115114,12.45030893206409,31.85712606,-93.76783184,POINT (-93.76783184 31.85712606),True
22039,Evangeline Parish,LA,Louisiana,0.221,0.406891195542296,0.0,0.0357958191113892,0.0,30.76182787,-92.44884813,POINT (-92.44884813 30.76182787),False
22043,Grant Parish,LA,Louisiana,0.351,0.496993572047474,0.0,0.0273225168629562,0.0,31.60132579,-92.62267917,POINT (-92.62267917 31.60132579),False
22045,Iberia Parish,LA,Louisiana,0.12875,0.1250337348193312,0.0,0.111541227104123,0.541921807758101,29.398,-92.013,POINT (-92.013 29.398),True
22049,Jackson Parish,LA,Louisiana,0.272,0.4,0.0,0.0001314514141709,0.5138423874559571,32.36836594,-92.55447359,POINT (-92.55447359 32.36836594),False
22053,Jefferson Davis Parish,LA,Louisiana,0.076,0.325128861953703,0.0,0.0014320851306214,0.2535136950196739,30.13351628,-92.71570445,POINT (-92.71570445 30.13351628),False
22057,Lafourche Parish,LA,Louisiana,0.1159999999999999,0.3261674549151344,0.0,0.5070605839734219,1.640520737195613,28.687,-90.313,POINT (-90.313 28.687),True
22061,Lincoln Parish,LA,Louisiana,0.261,0.4,0.0,0.0109187409102613,1.2874172246345488,32.58047691,-92.68404841,POINT (-92.68404841 32.58047691),False
22075,Plaquemines Parish,LA,Louisiana,0.121,0.1515859649122807,0.0,0.8424956594984843,1.1208719437872992,28.79175,-89.05575,POINT (-89.05575 28.79175),True
22077,Pointe Coupee Parish,LA,Louisiana,0.054,0.342548628280361,0.0,0.0,0.3540662529281851,30.60120282,-91.51612253,POINT (-91.51612253 30.60120282),False
22079,Rapides Parish,LA,Louisiana,0.335,0.482820550259694,0.0,0.0200003495611771,0.0,30.94806105,-92.51582312,POINT (-92.51582312 30.94806105),False
22081,Red River Parish,LA,Louisiana,0.1639999999999999,0.305805777932475,0.0,0.0,2.6396893354728403,31.93979354,-93.32633839,POINT (-93.32633839 31.93979354),False
22085,Sabine Parish,LA,Louisiana,0.318,0.407318589112757,0.0,0.0,0.877853951114727,31.79197197,-93.6019469,POINT (-93.6019469 31.79197197),False
22087,St. Bernard Parish,LA,Louisiana,0.151,0.1,0.0,0.0878792668488922,0.0,29.57187095,-89.12764515,POINT (-89.12764515 29.57187095),False
22099,St. Martin Parish,LA,Louisiana,0.074,0.256247459556134,0.0,0.2493576459277654,0.5217678635900602,29.79517615,-91.31959858,POINT (-91.31959858 29.79517615),True
22101,St. Mary Parish,LA,Louisiana,0.1114999999999999,0.18815517308668,0.0,0.0520022775466111,0.9885758493052528,29.38341894,-91.48910631,POINT (-91.48910631 29.38341894),True
22109,Terrebonne Parish,LA,Louisiana,0.10525,0.3496800411042084,0.0,0.0537714065419492,0.6755856943832874,29.28203925,-91.14035352,POINT (-91.14035352 29.28203925),True
22111,Union Parish,LA,Louisiana,0.225,0.364645222591733,0.0,0.0,0.2970510487502241,32.74986208,-92.12016604,POINT (-92.12016604 32.74986208),False
22113,Vermilion Parish,LA,Louisiana,0.226,0.212105945012236,0.0,0.0328905371813787,0.0,29.88845286,-91.98907318,POINT (-91.98907318 29.88845286),False
22119,Webster Parish,LA,Louisiana,0.3329999999999999,0.254925496688742,0.0,0.0173010047445695,0.9415394036911152,32.42860454,-93.30050717,POINT (-93.30050717 32.42860454),False
23003,Aroostook County,ME,Maine,0.142,0.0,1.0297758397521215,0.0,0.0,46.0844,-68.1133,POINT (-68.1133 46.0844),False
23007,Franklin County,ME,Maine,0.143,0.0,0.4900633084173176,0.0,0.0,45.3936,-70.5368,POINT (-70.5368 45.3936),False
23009,Hancock County,ME,Maine,0.1889999999999999,0.0,0.4014218317178776,0.0,0.0,44.7257,-68.1747,POINT (-68.1747 44.7257),False
23011,Kennebec County,ME,Maine,0.297,0.0,0.3281525920506837,0.0,0.0,44.5085,-69.4374,POINT (-69.4374 44.5085),False
23013,Knox County,ME,Maine,0.078,0.0,0.1411767263761118,0.0,0.0,44.0942,-68.8658,POINT (-68.8658 44.0942),False
23017,Oxford County,ME,Maine,0.182,0.0,0.9665672864875396,0.0,0.0,44.4182,-70.5601,POINT (-70.5601 44.4182),False
23019,Penobscot County,ME,Maine,0.2339999999999999,0.0,0.6570594752747954,0.0,0.0,44.7773,-68.5234,POINT (-68.5234 44.7773),False
23027,Waldo County,ME,Maine,0.287,0.0,0.1411767263761118,0.0,0.0,44.4967,-69.35,POINT (-69.35 44.4967),False
23029,Washington County,ME,Maine,0.186,0.0,0.3632254630477189,0.0,0.0,45.6243,-67.9772,POINT (-67.9772 45.6243),False
24023,Garrett County,MD,Maryland,0.209,0.05372,0.4215236391822567,0.0,0.0,39.2776,-79.4451,POINT (-79.4451 39.2776),False
25001,Barnstable County,MA,Massachusetts,0.042,0.05072,0.0730233228996282,0.0,0.0,41.6083,-70.6089,POINT (-70.6089 41.6083),False
25003,Berkshire County,MA,Massachusetts,0.2189999999999999,0.0,0.3213435475181272,0.0,0.0,42.5437,-73.2926,POINT (-73.2926 42.5437),False
25009,Essex County,MA,Massachusetts,0.099,0.0,0.1644904151324535,0.0,0.0,42.6256,-70.6565,POINT (-70.6565 42.6256),False
25013,Hampden County,MA,Massachusetts,0.272,0.0,0.1533198365879163,0.0,0.0,42.2125,-72.8713,POINT (-72.8713 42.2125),False
25023,Plymouth County,MA,Massachusetts,0.16,0.0,0.1092401161167738,0.0,0.0,41.9253,-70.64,POINT (-70.64 41.9253),False
25027,Worcester County,MA,Massachusetts,0.235,0.0,0.3168046847281804,0.0,0.0,42.4789,-71.9,POINT (-71.9 42.4789),False
26041,Delta County,MI,Michigan,0.072,0.0999,0.8767519253682194,0.0,0.0,45.691,-86.6395,POINT (-86.6395 45.691),False
26047,Emmet County,MI,Michigan,0.067,0.0,0.0469573013767004,0.0,0.0,45.7644,-84.7381,POINT (-84.7381 45.7644),False
26057,Gratiot County,MI,Michigan,0.025,0.0,1.0700275230996896,0.0,0.0,43.2878,-84.4623,POINT (-84.4623 43.2878),False
26059,Hillsdale County,MI,Michigan,0.043,0.174447143836043,0.6034661354873763,0.0,0.0,41.935,-84.477,POINT (-84.477 41.935),False
26063,Huron County,MI,Michigan,0.008,0.1,3.4608207895608825,0.0,0.0,43.742,-83.2481,POINT (-83.2481 43.742),True
26073,Isabella County,MI,Michigan,0.068,0.09599,0.6135375475899474,0.0,0.0,43.4976,-84.6727,POINT (-84.6727 43.4976),False
26113,Missaukee County,MI,Michigan,0.159,0.08504,0.3346448198081723,0.0,0.0,44.1792,-85.2877,POINT (-85.2877 44.1792),False
26151,Sanilac County,MI,Michigan,0.016,0.01924,0.9240218737073398,0.0,0.0,43.6219,-82.8071,POINT (-82.8071 43.6219),False
26157,Tuscola County,MI,Michigan,0.035,0.05029,1.5060382707768245,0.0,0.0,43.489,-83.5706,POINT (-83.5706 43.489),False
27027,Clay County,MN,Minnesota,0.04,0.05765,0.0518545662940999,0.0,0.0,47.0053,-96.4356,POINT (-96.4356 47.0053),False
27033,Cottonwood County,MN,Minnesota,0.013,0.1,0.7298549419122202,0.0,0.0,43.9617,-95.0685,POINT (-95.0685 43.9617),False
27039,Dodge County,MN,Minnesota,0.0139999999999999,0.2,0.0967340467160302,0.0,0.0,43.9753,-92.8578,POINT (-92.8578 43.9753),False
27043,Faribault County,MN,Minnesota,0.009,0.193741366486027,0.4267023178656198,0.0,0.0,43.6196,-94.2335,POINT (-94.2335 43.6196),False
27047,Freeborn County,MN,Minnesota,0.0139999999999999,0.260038393856983,1.2994283085323377,0.0,0.0,43.5188,-93.1869,POINT (-93.1869 43.5188),False
27063,Jackson County,MN,Minnesota,0.018,0.1,2.732218637911277,0.0,0.0,43.5998,-95.3995,POINT (-95.3995 43.5998),False
27067,Kandiyohi County,MN,Minnesota,0.03,0.0,0.0565857898718861,0.0,0.0,45.1217,-95.0532,POINT (-95.0532 45.1217),False
27081,Lincoln County,MN,Minnesota,0.034,0.146684553468762,2.6494511351725634,0.0,0.0,44.2128,-96.2131,POINT (-96.2131 44.2128),False
27083,Lyon County,MN,Minnesota,0.023,0.07958,0.3278598786200247,0.0,0.0,44.3236,-95.8222,POINT (-95.8222 44.3236),False
27091,Martin County,MN,Minnesota,0.009,0.1,0.1030437786247824,0.0,0.0,43.575,-94.4467,POINT (-94.4467 43.575),False
27099,Mower County,MN,Minnesota,0.011,0.302570392122992,1.37211135030152,0.0,0.0,43.5516,-92.7173,POINT (-92.7173 43.5516),False
27101,Murray County,MN,Minnesota,0.017,0.1193478457230599,1.927657185147487,0.0,0.0,43.8979,-96.0276,POINT (-96.0276 43.8979),False
27105,Nobles County,MN,Minnesota,0.009,0.130680663731798,0.7329001978684685,0.0,0.0,43.5833,-95.7781,POINT (-95.7781 43.5833),False
27111,Otter Tail County,MN,Minnesota,0.076,0.0859212629896083,0.0565857898718861,0.0,0.0,46.5051,-96.1573,POINT (-96.1573 46.5051),False
27117,Pipestone County,MN,Minnesota,0.022,0.199959983993597,1.0645234105595105,0.0,0.0,43.9129,-96.1932,POINT (-96.1932 43.9129),False
27125,Red Lake County,MN,Minnesota,0.033,0.1,0.1436913480927306,0.0,0.0,47.8693,-96.319,POINT (-96.319 47.8693),False
27127,Redwood County,MN,Minnesota,0.011,0.02954,0.0418819155295915,0.0,0.0,44.5028,-95.175,POINT (-95.175 44.5028),False
27131,Rice County,MN,Minnesota,0.033,0.197933146210768,0.0732299220927734,0.0,0.0,44.4619,-93.1564,POINT (-93.1564 44.4619),False
27133,Rock County,MN,Minnesota,0.013,0.2,0.1533198365879163,0.0,0.0,43.6419,-96.2625,POINT (-96.2625 43.6419),False
27137,St. Louis County,MN,Minnesota,0.302,0.1,0.357958508564514,0.0,0.0,47.5726,-92.6126,POINT (-92.6126 47.5726),False
27147,Steele County,MN,Minnesota,0.017,0.2,0.4345151272618996,0.0,0.0,43.9106,-93.1282,POINT (-93.1282 43.9106),False
27149,Stevens County,MN,Minnesota,0.02,0.0,0.083763831059183,0.0,0.0,45.5897,-95.877,POINT (-95.877 45.5897),False
27169,Winona County,MN,Minnesota,0.0559999999999999,0.0548306389530408,0.0780987087467371,0.0,0.0,43.9917,-91.8778,POINT (-91.8778 43.9917),False
28143,Tunica County,MS,Mississippi,0.034,0.445206476259778,0.6321836335841586,0.0,0.0,34.4692,-90.3927,POINT (-90.3927 34.4692),False
29005,Atchison County,MO,Missouri,0.021,0.152311327721164,0.6063927482025078,0.0,0.0,40.4144,-95.54,POINT (-95.54 40.4144),False
29063,DeKalb County,MO,Missouri,0.059,0.1,1.2474727710135725,0.0,0.0,39.8932,-94.4797,POINT (-94.4797 39.8932),False
29109,Lawrence County,MO,Missouri,0.09,0.05891,0.6029104968125185,0.0,0.0,37.2698,-94.042,POINT (-94.042 37.2698),False
29147,Nodaway County,MO,Missouri,0.045,0.173353596757852,1.776364321602519,0.0,0.0,40.2392,-94.6714,POINT (-94.6714 40.2392),False
30017,Custer County,MT,Montana,0.331,0.0,0.6488299916239038,0.0,0.0,46.7896,-106.0021,POINT (-106.0021 46.7896),False
30025,Fallon County,MT,Montana,0.148,0.0,0.3141851718157316,0.0,0.0,46.2739,-104.192,POINT (-104.192 46.2739),False
30045,Judith Basin County,MT,Montana,0.186,0.01804,0.5165452996356352,0.0,0.0,47.3027,-110.691,POINT (-110.691 47.3027),False
30059,Meagher County,MT,Montana,0.255,0.1,0.085853911001574,0.0,0.0,46.4119,-110.3378,POINT (-110.3378 46.4119),False
30095,Stillwater County,MT,Montana,0.174,0.06567,0.4519826113074339,0.0,0.0,45.8611,-109.4491,POINT (-109.4491 45.8611),False
30101,Toole County,MT,Montana,0.054,0.08553,0.5553953356810737,0.0,0.0,48.5172,-112.113,POINT (-112.113 48.5172),False
30107,Wheatland County,MT,Montana,0.103,0.02209,0.8267756879597503,0.0,0.0,46.287,-109.472,POINT (-109.472 46.287),False
30111,Yellowstone County,MT,Montana,0.295,0.01537,0.0469573013767004,0.0,0.0,46.1026,-108.8066,POINT (-108.8066 46.1026),False
31001,Adams County,NE,Nebraska,0.019,0.364312657761139,0.0418819155295915,0.0,0.0,40.57,-98.334,POINT (-98.334 40.57),False
31003,Antelope County,NE,Nebraska,0.061,0.0,1.1069347622573695,0.0,0.0,41.9736,-97.852,POINT (-97.852 41.9736),False
31041,Custer County,NE,Nebraska,0.306,0.01298,0.5165452996356352,0.0,0.0,41.5075,-99.6109,POINT (-99.6109 41.5075),False
31059,Fillmore County,NE,Nebraska,0.0139999999999999,0.4,0.0698870621619311,0.0,0.0,40.6319,-97.6427,POINT (-97.6427 40.6319),False
31061,Franklin County,NE,Nebraska,0.0579999999999999,0.102122426671525,0.0895756710136344,0.0,0.0,40.3138,-98.9603,POINT (-98.9603 40.3138),False
31089,Holt County,NE,Nebraska,0.12,0.0,0.739769600683589,0.0,0.0,42.5607,-98.4443,POINT (-98.4443 42.5607),False
31103,Keya Paha County,NE,Nebraska,0.223,0.0,0.0311414073700367,0.0,0.0,42.8258,-99.7775,POINT (-99.7775 42.8258),False
31107,Knox County,NE,Nebraska,0.165,0.0,0.9397813250805438,0.0,0.0,42.6909,-97.6252,POINT (-97.6252 42.6909),False
31141,Platte County,NE,Nebraska,0.036,0.387860699111123,0.0698870621619311,0.0,0.0,41.677,-97.391,POINT (-97.391 41.677),False
31151,Saline County,NE,Nebraska,0.039,0.347380329699392,0.5459530483202244,0.0,0.0,40.5274,-97.1915,POINT (-97.1915 40.5274),False
31179,Wayne County,NE,Nebraska,0.0289999999999999,0.124158269845171,0.6124152090428434,0.0,0.0,42.2995,-97.3638,POINT (-97.3638 42.2995),False
31181,Webster County,NE,Nebraska,0.05,0.232651793818373,0.5323304235551978,0.0,0.0,40.2723,-98.3745,POINT (-98.3745 40.2723),False
33007,Coos County,NH,New Hampshire,0.1,0.0,0.5459530483202244,0.0,0.0,44.7532,-71.2987,POINT (-71.2987 44.7532),False
33009,Grafton County,NH,New Hampshire,0.119,0.0,0.4463995576415649,0.0,0.0,43.7646,-71.8232,POINT (-71.8232 43.7646),False
33011,Hillsborough County,NH,New Hampshire,0.204,0.0,0.376995837391154,0.0,0.0,43.0566,-72.0195,POINT (-72.0195 43.0566),False
33019,Sullivan County,NH,New Hampshire,0.091,0.0,0.3524849548881639,0.0,0.0,43.2457,-72.1388,POINT (-72.1388 43.2457),False
34001,Atlantic County,NJ,New Jersey,0.442,0.0,0.2019287280034874,0.0,0.0,39.3822,-74.4475,POINT (-74.4475 39.3822),False
35003,Catron County,NM,New Mexico,0.476,0.303425706726083,0.5473416939016906,0.0,0.0,34.1031,-108.9078,POINT (-108.9078 34.1031),False
35005,Chaves County,NM,New Mexico,0.205,0.40399959446444,0.3912306096800584,0.0,3.4026015425420715,32.96519448,-104.2388718,POINT (-104.2388718 32.96519448),False
35009,Curry County,NM,New Mexico,0.353,0.296513599674422,0.9974422316670284,0.0,0.0,34.7478,-103.269,POINT (-103.269 34.7478),False
35011,De Baca County,NM,New Mexico,0.176,0.253844233649526,0.646133139984354,0.0,0.0,34.5374,-104.081,POINT (-104.081 34.5374),False
35015,Eddy County,NM,New Mexico,0.225,0.474235367345625,0.0,0.0,17.043908216472925,32.15156175,-103.7308548,POINT (-103.7308548 32.15156175),True
35019,Guadalupe County,NM,New Mexico,0.259,0.294823513300695,0.5327912640272814,0.0,0.0,34.815,-105.081,POINT (-105.081 34.815),False
35025,Lea County,NM,New Mexico,0.258,0.293979619724359,1.405914866223219,0.0,0.0,32.9511,-103.279,POINT (-103.279 32.9511),False
35029,Luna County,NM,New Mexico,0.108,0.445433441817065,0.4530729116145914,0.0,0.0,32.5602,-107.521,POINT (-107.521 32.5602),False
35037,Quay County,NM,New Mexico,0.238,0.29792536710225,0.9313940925985692,0.0,0.0,34.6308,-103.976,POINT (-103.976 34.6308),False
35041,Roosevelt County,NM,New Mexico,0.437,0.274980860511407,0.7768389299186,0.0,0.0,33.832,-103.311,POINT (-103.311 33.832),False
35057,Torrance County,NM,New Mexico,0.237,0.293092851904878,2.6859871810811287,0.0,0.0,34.3284,-105.6009,POINT (-105.6009 34.3284),False
36013,Chautauqua County,NY,New York,0.131,0.02435,1.1344326217663467,0.0,0.0,42.2653,-79.0725,POINT (-79.0725 42.2653),False
36019,Clinton County,NY,New York,0.226,0.0,1.0655993797999777,0.0,0.0,44.8599,-74.0031,POINT (-74.0031 44.8599),False
36029,Erie County,NY,New York,0.2239999999999999,0.0114541832669323,0.3213435475181272,0.0,0.0,42.5809,-79.1027,POINT (-79.1027 42.5809),False
36033,Franklin County,NY,New York,0.177,0.0,1.0679205354660373,0.0,0.0,44.8888,-74.104,POINT (-74.104 44.8888),False
36043,Herkimer County,NY,New York,0.143,0.0,0.5058047914760804,0.0,0.0,43.1973,-74.902,POINT (-74.902 43.1973),False
36049,Lewis County,NY,New York,0.168,0.0,1.146297625849066,0.0,0.0,43.8263,-75.5962,POINT (-75.5962 43.8263),False
36053,Madison County,NY,New York,0.19,0.0,0.7123095927028725,0.0,0.0,42.8929,-75.4534,POINT (-75.4534 42.8929),False
36069,Ontario County,NY,New York,0.216,0.098458337274189,0.0418819155295915,0.0,0.0,42.8869,-76.9683,POINT (-76.9683 42.8869),False
36101,Steuben County,NY,New York,0.239,0.0482946793997272,1.1737973399446695,0.0,0.0,42.1016,-77.7011,POINT (-77.7011 42.1016),False
36121,Wyoming County,NY,New York,0.147,0.265674480135599,1.2972770251941697,0.0,0.0,42.5413,-78.2916,POINT (-78.2916 42.5413),False
37143,Perquimans County,NC,North Carolina,0.126,0.00971,0.6488299916239038,0.0,0.0,36.2974,-76.4462,POINT (-76.4462 36.2974),False
38001,Adams County,ND,North Dakota,0.0559999999999999,0.0,0.5579798119396442,0.0,0.0,46.0817,-102.595,POINT (-102.595 46.0817),False
38003,Barnes County,ND,North Dakota,0.062,0.04927,0.6409316287518123,0.0,0.0,47.0695,-97.8848,POINT (-97.8848 47.0695),False
38011,Bowman County,ND,North Dakota,0.11,0.0,0.3247895924662265,0.0,0.0,46.243,-103.771,POINT (-103.771 46.243),False
38015,Burleigh County,ND,North Dakota,0.081,0.0,1.0020608189547058,0.0,0.0,47.0783,-100.657,POINT (-100.657 47.0783),False
38019,Cavalier County,ND,North Dakota,0.0289999999999999,0.3,0.6208248449915643,0.0,0.0,48.5829,-98.2555,POINT (-98.2555 48.5829),False
38021,Dickey County,ND,North Dakota,0.079,0.0,1.1392913826886109,0.0,0.0,45.9538,-98.9363,POINT (-98.9363 45.9538),False
38025,Dunn County,ND,North Dakota,0.131,0.0,0.0,0.0,3.286376667035513,47.43209473,-102.8851008,POINT (-102.8851008 47.43209473),False
38045,LaMoure County,ND,North Dakota,0.06,0.0,0.3346448198081723,0.0,0.0,46.318,-98.8732,POINT (-98.8732 46.318),False
38049,McHenry County,ND,North Dakota,0.0819999999999999,0.0949588904576032,0.8074884845303503,0.0,0.0,47.8718,-100.933,POINT (-100.933 47.8718),False
38051,McIntosh County,ND,North Dakota,0.075,0.0,0.6034661354873763,0.0,0.0,46.1054,-99.0059,POINT (-99.0059 46.1054),False
38053,McKenzie County,ND,North Dakota,0.142,0.0,0.0,0.0,5.923651243534169,47.70126714,-102.9151919,POINT (-102.9151919 47.70126714),True
38059,Morton County,ND,North Dakota,0.092,0.0,0.5527620928527808,0.0,0.0,46.8433,-102.048,POINT (-102.048 46.8433),False
38061,Mountrail County,ND,North Dakota,0.091,0.00175,0.0,0.0,1.1768348360398788,48.1393558,-102.7235587,POINT (-102.7235587 48.1393558),False
38065,Oliver County,ND,North Dakota,0.068,0.0,1.2915771703543266,0.0,0.0,47.0372,-101.679,POINT (-101.679 47.0372),False
38079,Rolette County,ND,North Dakota,0.261,0.2,0.6034661354873763,0.0,0.0,48.9743,-99.6448,POINT (-99.6448 48.9743),False
38089,Stark County,ND,North Dakota,0.053,0.0,0.6034661354873763,0.0,0.0,46.6851,-102.636,POINT (-102.636 46.6851),False
38091,Steele County,ND,North Dakota,0.042,0.1,0.4519826113074339,0.0,0.0,47.3505,-97.9509,POINT (-97.9509 47.3505),False
38101,Ward County,ND,North Dakota,0.035,0.0284170253467241,0.1411767263761118,0.0,0.0,48.0213,-101.2805,POINT (-101.2805 48.0213),False
38105,Williams County,ND,North Dakota,0.046,0.0,0.6991798153952,0.0,4.483891981248473,48.08070011,-103.458371,POINT (-103.458371 48.08070011),True
39013,Belmont County,OH,Ohio,0.094,0.0,0.0,0.0,1.6432361070997172,39.97583189,-80.99435784,POINT (-80.99435784 39.97583189),False
39019,Carroll County,OH,Ohio,0.0819999999999999,0.0,0.0,0.0,0.6978187943660639,40.53010784,-81.03033387,POINT (-81.03033387 40.53010784),False
39035,Cuyahoga County,OH,Ohio,0.013,0.0,0.0780987087467371,0.0,0.0,41.5844,-81.5256,POINT (-81.5256 41.5844),False
39037,Darke County,OH,Ohio,0.0139999999999999,0.1,0.0311414073700367,0.0,0.0,40.1313,-84.6099,POINT (-84.6099 40.1313),False
39063,Hancock County,OH,Ohio,0.0139999999999999,0.198327487163845,0.09342422211011,0.0,0.0,41.0843,-83.6441,POINT (-83.6441 41.0843),False
39065,Hardin County,OH,Ohio,0.016,0.154152993509808,1.164337682543071,0.0,0.0,40.5619,-83.7675,POINT (-83.7675 40.5619),False
39067,Harrison County,OH,Ohio,0.089,0.0,0.0,0.3841967600902548,0.0,40.37813221,-81.07612397,POINT (-81.07612397 40.37813221),True
39081,Jefferson County,OH,Ohio,0.094,0.0,0.0,0.0,0.566358839811253,40.16592534,-80.73346492,POINT (-80.73346492 40.16592534),False
39101,Marion County,OH,Ohio,0.019,0.1,0.0311414073700367,0.0,0.0,40.5912,-83.1785,POINT (-83.1785 40.5912),False
39111,Monroe County,OH,Ohio,0.108,0.0,0.0,0.0,2.209923902748373,39.71880085,-80.94267491,POINT (-80.94267491 39.71880085),False
39121,Noble County,OH,Ohio,0.0969999999999999,0.0,0.0,0.0356238791555278,0.0,39.8811395,-81.3489624,POINT (-81.3489624 39.8811395),False
39125,Paulding County,OH,Ohio,0.012,0.119689866570501,0.6415925189978666,0.0,0.0,41.0147,-84.7023,POINT (-84.7023 41.0147),False
39143,Sandusky County,OH,Ohio,0.018,0.1,0.0311414073700367,0.0,0.0,41.466,-83.367,POINT (-83.367 41.466),False
39161,Van Wert County,OH,Ohio,0.0069999999999999,0.185261889736676,0.1411767263761118,0.0,0.0,40.9058,-84.5703,POINT (-84.5703 40.9058),False
39173,Wood County,OH,Ohio,0.013,0.190608762238145,0.0469573013767004,0.0,0.0,41.3786,-83.7383,POINT (-83.7383 41.3786),False
39175,Wyandot County,OH,Ohio,0.018,0.1193315266486,0.0311414073700367,0.0,0.0,40.7183,-83.2286,POINT (-83.2286 40.7183),False
40003,Alfalfa County,OK,Oklahoma,0.131,0.0,0.674385619830713,0.0,0.0,36.5337,-98.227,POINT (-98.227 36.5337),False
40007,Beaver County,OK,Oklahoma,0.3989999999999999,2e-05,0.6419875560804256,0.0,0.0,36.6081,-100.581,POINT (-100.581 36.6081),False
40011,Blaine County,OK,Oklahoma,0.1169999999999999,0.00723,0.0,0.0,3.081925104418622,35.73954091,-98.5409678,POINT (-98.5409678 35.73954091),False
40015,Caddo County,OK,Oklahoma,0.188,0.114626007971082,1.2471661911069578,0.0,0.0,34.907,-98.5538,POINT (-98.5538 34.907),False
40017,Canadian County,OK,Oklahoma,0.093,0.03686,0.6967853263087798,0.0,0.5316111113477481,35.60606341,-97.98080545,POINT (-97.98080545 35.60606341),False
40039,Custer County,OK,Oklahoma,0.1639999999999999,0.06525,1.4770868172201272,0.0,0.0,35.4947,-98.7432,POINT (-98.7432 35.4947),False
40043,Dewey County,OK,Oklahoma,0.265,0.00113,1.2263245175245492,0.0,0.0,35.8468,-98.9317,POINT (-98.9317 35.8468),False
40045,Ellis County,OK,Oklahoma,0.437,0.03577,1.33412913019267,0.0,0.0,36.1478,-99.6299,POINT (-99.6299 36.1478),False
40047,Garfield County,OK,Oklahoma,0.0409999999999999,0.0,1.160840924965049,0.0,0.0,36.2701,-97.5397,POINT (-97.5397 36.2701),False
40049,Garvin County,OK,Oklahoma,0.212,0.159015931199774,0.0,0.0,0.625008011860897,34.74343116,-97.57505773,POINT (-97.57505773 34.74343116),False
40051,Grady County,OK,Oklahoma,0.2019999999999999,0.186852229011088,0.5445504462679747,0.0,0.0,35.3237,-98.0737,POINT (-98.0737 35.3237),False
40053,Grant County,OK,Oklahoma,0.086,0.0,0.6051199001525371,0.0,0.0,36.9446,-97.7344,POINT (-97.7344 36.9446),False
40059,Harper County,OK,Oklahoma,0.427,0.04119,0.8931996014626125,0.0,0.0,36.6488,-99.6332,POINT (-99.6332 36.6488),False
40069,Johnston County,OK,Oklahoma,0.198,0.182429016518723,0.7013507058629109,0.0,0.0,34.4874,-96.7805,POINT (-96.7805 34.4874),False
40071,Kay County,OK,Oklahoma,0.173,0.04918,2.5703908143015455,0.0,0.0,36.8357,-97.2494,POINT (-97.2494 36.8357),True
40073,Kingfisher County,OK,Oklahoma,0.057,0.0,0.6994123729052428,0.0,2.410092008874517,35.8142002,-98.10867302,POINT (-98.10867302 35.8142002),True
40083,Logan County,OK,Oklahoma,0.099,0.0,0.6444207537217022,0.0,0.0,35.9894,-97.5895,POINT (-97.5895 35.9894),False
40093,Major County,OK,Oklahoma,0.181,0.0,0.6940595961550655,0.0,0.0,36.2999,-98.1619,POINT (-98.1619 36.2999),False
40099,Murray County,OK,Oklahoma,0.243,0.17783275303891,1.16295551488911,0.0,0.0,34.4137,-97.3279,POINT (-97.3279 34.4137),False
40113,Osage County,OK,Oklahoma,0.365,0.134615384615385,0.6038353360452489,0.0,0.0,36.7224,-96.6613,POINT (-96.6613 36.7224),False
40121,Pittsburg County,OK,Oklahoma,0.309,0.0575813681543559,0.0,0.0,0.5833672165750207,34.90544534,-95.83459415,POINT (-95.83459415 34.90544534),False
40127,Pushmataha County,OK,Oklahoma,0.485,0.16772476340694,0.5473416939016906,0.0,0.0,34.5893,-95.2087,POINT (-95.2087 34.5893),False
40129,Roger Mills County,OK,Oklahoma,0.434,0.04885,0.5487166580234641,0.0,0.0,35.4985,-99.6587,POINT (-99.6587 35.4985),False
40137,Stephens County,OK,Oklahoma,0.225,0.188498634108268,0.0,0.0,0.5060054975213254,34.63044424,-97.59872462,POINT (-97.59872462 34.63044424),False
40139,Texas County,OK,Oklahoma,0.273,0.03407,0.6433831450052341,0.0,0.0,36.508,-101.662,POINT (-101.662 36.508),False
40149,Washita County,OK,Oklahoma,0.084,0.118032936038577,1.1081574285338545,0.0,0.0,35.1803,-98.9782,POINT (-98.9782 35.1803),False
40151,Woods County,OK,Oklahoma,0.35,0.01873,0.6426870950362544,0.0,0.0,36.5149,-98.6784,POINT (-98.6784 36.5149),False
40153,Woodward County,OK,Oklahoma,0.3329999999999999,0.0107,2.893937534494018,0.0,0.0,36.1794,-99.3409,POINT (-99.3409 36.1794),True
41001,Baker County,OR,Oregon,0.481,0.00029,0.3346448198081723,0.0,0.0,44.3808,-117.277,POINT (-117.277 44.3808),False
41021,Gilliam County,OR,Oregon,0.357,0.196496796906562,2.1903945780787337,0.0,0.0,45.2826,-120.272,POINT (-120.272 45.2826),False
41049,Morrow County,OR,Oregon,0.313,0.08793,1.0184616843699508,0.0,0.0,45.3801,-119.333,POINT (-119.333 45.3801),False
41055,Sherman County,OR,Oregon,0.351,0.275499513582279,1.689835006380263,0.0,0.0,45.5164,-120.602,POINT (-120.602 45.5164),False
41059,Umatilla County,OR,Oregon,0.387,0.07817,1.4733486320681006,0.0,0.0,45.6967,-119.4097,POINT (-119.4097 45.6967),False
42013,Blair County,PA,Pennsylvania,0.156,0.0,0.4519826113074339,0.0,0.0,40.7249,-78.2976,POINT (-78.2976 40.7249),False
42015,Bradford County,PA,Pennsylvania,0.165,0.0,0.0,0.0,2.5370293450502324,41.6340453,-76.3609054,POINT (-76.3609054 41.6340453),False
42019,Butler County,PA,Pennsylvania,0.072,0.0,0.0,0.0,0.0,41.05217241,-79.80003332,POINT (-79.80003332 41.05217241),False
42021,Cambria County,PA,Pennsylvania,0.135,0.0,0.8990507102489534,0.0,0.0,40.3757,-78.5812,POINT (-78.5812 40.3757),False
42035,Clinton County,PA,Pennsylvania,0.118,0.0,0.0,0.0,0.560470732322245,41.39903232,-77.91268623,POINT (-77.91268623 41.39903232),False
42051,Fayette County,PA,Pennsylvania,0.1669999999999999,0.0,0.743275051762682,0.0,0.0,39.7644,-79.7247,POINT (-79.7247 39.7644),False
42081,Lycoming County,PA,Pennsylvania,0.0969999999999999,0.0,0.4961763029808947,0.0,0.0,41.5269,-77.0462,POINT (-77.0462 41.5269),False
42105,Potter County,PA,Pennsylvania,0.106,0.03077,0.0,0.0,0.0,41.63892057,-78.19046375,POINT (-78.19046375 41.63892057),False
42107,Schuylkill County,PA,Pennsylvania,0.303,0.01946,0.5500782076472719,0.0,0.0,40.8398,-76.2095,POINT (-76.2095 40.8398),False
42111,Somerset County,PA,Pennsylvania,0.119,0.0,1.4727544773586685,0.0,0.0,39.7312,-79.2007,POINT (-79.2007 39.7312),False
42115,Susquehanna County,PA,Pennsylvania,0.171,0.0,0.0,0.0,0.0,41.75013781,-75.83461713,POINT (-75.83461713 41.75013781),False
42125,Washington County,PA,Pennsylvania,0.084,0.0,0.0,0.0,0.6115197950586858,40.05385663,-80.1222037,POINT (-80.1222037 40.05385663),False
44003,Kent County,RI,Rhode Island,0.223,0.0,0.09342422211011,0.0,0.0,41.6697,-71.7083,POINT (-71.7083 41.6697),False
44005,Newport County,RI,Rhode Island,0.038,0.0,0.0311414073700367,0.0,0.0,41.612,-71.2493,POINT (-71.2493 41.612),False
44007,Providence County,RI,Rhode Island,0.254,0.0,0.2246095008020971,0.0,0.0,41.7895,-71.3848,POINT (-71.3848 41.7895),False
44009,Washington County,RI,Rhode Island,0.1285,0.05126,0.4136468179833549,0.0,0.0,41.1199,-71.5139,POINT (-71.5139 41.1199),False
46003,Aurora County,SD,South Dakota,0.055,0.0,0.2752557675180522,0.0,0.0,43.9036,-98.7401,POINT (-98.7401 43.9036),False
46005,Beadle County,SD,South Dakota,0.0559999999999999,0.0246,0.6433831450052341,0.0,0.0,44.2465,-98.4779,POINT (-98.4779 44.2465),False
46011,Brookings County,SD,South Dakota,0.049,0.159963590533539,1.0062223422943757,0.0,0.0,44.3283,-96.4768,POINT (-96.4768 44.3283),False
46015,Brule County,SD,South Dakota,0.074,0.0,0.3281525920506837,0.0,0.0,43.7258,-98.9172,POINT (-98.9172 43.7258),False
46021,Campbell County,SD,South Dakota,0.184,0.0,0.5442682262941787,0.0,0.0,45.8133,-100.284,POINT (-100.284 45.8133),False
46037,Day County,SD,South Dakota,0.055,0.0,0.5553953356810737,0.0,0.0,45.2743,-97.917,POINT (-97.917 45.2743),False
46039,Deuel County,SD,South Dakota,0.063,0.1,1.2942348635211944,0.0,0.0,44.5541,-96.6715,POINT (-96.6715 44.5541),False
46051,Grant County,SD,South Dakota,0.0579999999999999,0.05049,0.6071149114154153,0.0,0.0,45.2676,-97.104,POINT (-97.104 45.2676),False
46059,Hand County,SD,South Dakota,0.0819999999999999,0.0,0.357958508564514,0.0,0.0,44.4776,-99.1397,POINT (-99.1397 44.4776),False
46067,Hutchinson County,SD,South Dakota,0.039,0.07576,0.5165452996356352,0.0,0.0,43.2067,-98.0427,POINT (-98.0427 43.2067),False
46069,Hyde County,SD,South Dakota,0.196,0.0,1.3178799219342032,0.0,0.0,44.3773,-99.6601,POINT (-99.6601 44.3773),False
46073,Jerauld County,SD,South Dakota,0.072,0.0,0.4546925552805442,0.0,0.0,44.0021,-98.5996,POINT (-98.5996 44.0021),False
47001,Anderson County,TN,Tennessee,0.191,0.255331729396893,0.3683008488948278,0.0,0.0,36.1346,-84.3583,POINT (-84.3583 36.1346),False
48003,Andrews County,TX,Texas,0.1809999999999999,0.165672644233998,0.6130206665195261,0.0,0.6105900038849998,32.18035925,-102.5270368,POINT (-102.5270368 32.18035925),False
48009,Archer County,TX,Texas,0.41,0.0369126174765047,0.6141381658587652,0.0,0.0,33.5036,-98.5805,POINT (-98.5805 33.5036),False
48013,Atascosa County,TX,Texas,0.288,0.32710310752828,0.0,0.0,1.069025045203169,28.66097349,-98.70660111,POINT (-98.70660111 28.66097349),False
48017,Bailey County,TX,Texas,0.3329999999999999,0.195932010157019,0.6019794878261535,0.0,0.0,34.0741,-102.621,POINT (-102.621 34.0741),False
48023,Baylor County,TX,Texas,0.304,0.01066,0.6034661354873763,0.0,0.0,33.6747,-99.3878,POINT (-99.3878 33.6747),False
48025,Bee County,TX,Texas,0.187,0.172927123705445,1.3526348288397485,0.0,0.0,28.2479,-97.5212,POINT (-97.5212 28.2479),False
48033,Borden County,TX,Texas,0.412,0.0503,0.6508189715534516,0.0,0.0,32.9055,-101.6298,POINT (-101.6298 32.9055),False
48039,Brazoria County,TX,Texas,0.146,0.0249927933121937,0.0,0.0,0.1898488481993006,29.542834,-95.39756786,POINT (-95.39756786 29.542834),False
48041,Brazos County,TX,Texas,0.2,0.286734911494988,0.0,0.0,0.6502952845152526,30.83233459,-96.24392613,POINT (-96.24392613 30.83233459),False
48051,Burleson County,TX,Texas,0.213,0.221719771810213,0.0,0.0,1.2761618271170014,30.32758407,-96.49897234,POINT (-96.49897234 30.32758407),False
48059,Callahan County,TX,Texas,0.336,0.0,1.9030467424208668,0.0,0.0,32.307,-99.165,POINT (-99.165 32.307),False
48061,Cameron County,TX,Texas,0.103,0.0,1.7817003830115823,0.0,0.0,26.1189,-97.3431,POINT (-97.3431 26.1189),False
48065,Carson County,TX,Texas,0.347,0.164453504173947,1.402586220351968,0.0,0.0,35.3227,-101.536,POINT (-101.536 35.3227),False
48071,Chambers County,TX,Texas,0.1989999999999999,0.228664677359194,0.0,0.2012746807840622,0.0,29.68921508,-94.51181516,POINT (-94.51181516 29.68921508),False
48079,Cochran County,TX,Texas,0.1669999999999999,0.0417847304210941,0.6034661354873763,0.0,0.0,33.499,-102.8602,POINT (-102.8602 33.499),False
48081,Coke County,TX,Texas,0.423,0.0,0.4981558784339078,0.0,0.0,31.9616,-100.789,POINT (-100.789 31.9616),False
48097,Cooke County,TX,Texas,0.252,0.145966850828729,0.5788694586892928,0.0,0.0,33.6925,-97.3346,POINT (-97.3346 33.6925),False
48103,Crane County,TX,Texas,0.159,0.189837510327733,0.0,0.0,0.7506786220568378,31.52330711,-102.6296257,POINT (-102.6296257 31.52330711),False
48105,Crockett County,TX,Texas,0.431,0.00013,1.3587998923565523,0.0,0.4250408775279991,30.91079272,-101.2034341,POINT (-101.2034341 30.91079272),False
48107,Crosby County,TX,Texas,0.208,0.0,0.8446978916863189,0.0,0.0,33.7441,-101.484,POINT (-101.484 33.7441),False
48109,Culberson County,TX,Texas,0.133,0.303580985101252,0.0,0.0,2.4498719842907652,31.64200817,-104.0571823,POINT (-104.0571823 31.64200817),False
48123,DeWitt County,TX,Texas,0.148,0.2,0.0,0.0,1.6792519609089804,29.00167197,-97.51036163,POINT (-97.51036163 29.00167197),False
48127,Dimmit County,TX,Texas,0.118,0.0503599999999999,0.0,0.0,1.5862580900032477,28.33045143,-99.71557861,POINT (-99.71557861 28.33045143),False
48135,Ector County,TX,Texas,0.123,0.2,0.0,0.0,0.3483434394676501,31.8118578,-102.3695291,POINT (-102.3695291 31.8118578),False
48151,Fisher County,TX,Texas,0.2319999999999999,0.00261,1.3482141222370043,0.0,0.0,32.5604,-100.626,POINT (-100.626 32.5604),False
48153,Floyd County,TX,Texas,0.1989999999999999,0.0,1.8196323066206577,0.0,0.0,34.1112,-101.101,POINT (-101.101 34.1112),False
48161,Freestone County,TX,Texas,0.301,0.160524572791098,0.0,0.0,0.5005533491102612,31.42846808,-96.22116018,POINT (-96.22116018 31.42846808),False
48163,Frio County,TX,Texas,0.278,0.192202751969893,0.0,0.0,0.2862487966295498,28.71251789,-98.81516524,POINT (-98.81516524 28.71251789),False
48165,Gaines County,TX,Texas,0.163,0.0922610166119566,0.0,0.0,0.6243816044934773,32.5899467,-102.2328084,POINT (-102.2328084 32.5899467),False
48167,Galveston County,TX,Texas,0.151,0.1,0.0,0.1386975488436494,0.0,29.138,-94.533,POINT (-94.533 29.138),False
48169,Garza County,TX,Texas,0.449,0.0,0.5232722755216148,0.0,0.0,32.9836,-101.246,POINT (-101.246 32.9836),False
48173,Glasscock County,TX,Texas,0.205,0.114350691543674,1.2895792673479545,0.0,0.6774429160332779,31.695,-101.386,POINT (-101.386 31.695),False
48179,Gray County,TX,Texas,0.481,0.01786,0.6433831450052341,0.0,0.0,35.3038,-101.037,POINT (-101.037 35.3038),False
48189,Hale County,TX,Texas,0.092,0.05267,0.7645744757034265,0.0,0.0,33.9119,-101.628,POINT (-101.628 33.9119),False
48195,Hansford County,TX,Texas,0.186,0.0,1.2156170305696166,0.0,0.0,36.3701,-101.5551,POINT (-101.5551 36.3701),False
48197,Hardeman County,TX,Texas,0.238,0.119295842732839,0.6433831450052341,0.0,0.0,34.1569,-99.5354,POINT (-99.5354 34.1569),False
48213,Henderson County,TX,Texas,0.305,0.02307,0.0,0.0,0.6091479561514477,32.31539275,-95.69487478,POINT (-95.69487478 32.31539275),False
48215,Hidalgo County,TX,Texas,0.168,0.0,1.2160534538953067,0.0,0.4593684940589344,26.3767,-97.993,POINT (-97.993 26.3767),False
48217,Hill County,TX,Texas,0.246,0.00065,0.6997373037376682,0.0,0.0,31.7747,-96.8282,POINT (-96.8282 31.7747),False
48219,Hockley County,TX,Texas,0.136,0.0,0.0,0.0,0.2675241187546526,33.59325957,-102.4199326,POINT (-102.4199326 33.59325957),False
48227,Howard County,TX,Texas,0.26,0.1,2.0130673321534625,0.0,1.90456105929648,32.1325,-101.416,POINT (-101.416 32.1325),False
48233,Hutchinson County,TX,Texas,0.498,0.02370719262094,0.2379107730921421,0.0,0.0,35.9643,-101.5402,POINT (-101.5402 35.9643),False
48235,Irion County,TX,Texas,0.517,0.00046,0.0,0.0,0.4312900204868241,31.16614957,-101.2694066,POINT (-101.2694066 31.16614957),False
48237,Jack County,TX,Texas,0.445,0.02146,0.6034661354873763,0.0,0.0,33.2108,-98.3557,POINT (-98.3557 33.2108),False
48251,Johnson County,TX,Texas,0.314,0.0,0.0,0.0,1.2792970153490564,32.46871173,-97.40518642,POINT (-97.40518642 32.46871173),False
48255,Karnes County,TX,Texas,0.129,0.205203164152705,0.0,0.0,4.7196098430075555,28.71038719,-97.96820862,POINT (-97.96820862 28.71038719),False
48261,Kenedy County,TX,Texas,0.144,0.0,1.2888406566087456,0.0,0.5074634197582767,26.9771,-97.6746,POINT (-97.6746 26.9771),True
48263,Kent County,TX,Texas,0.449,0.0,0.3825054106133182,0.0,0.0,32.9946,-100.522,POINT (-100.522 32.9946),False
48275,Knox County,TX,Texas,0.206,0.0,1.330437357552717,0.0,0.0,33.6093,-99.5823,POINT (-99.5823 33.6093),False
48283,La Salle County,TX,Texas,0.177,0.09536,0.0,0.0,2.958296330647016,28.03930445,-99.37543338,POINT (-99.37543338 28.03930445),False
48287,Lee County,TX,Texas,0.252,0.223629663749424,0.0,0.0,0.71093047333985,30.18393117,-96.79393149,POINT (-96.79393149 30.18393117),False
48293,Limestone County,TX,Texas,0.236,0.089349464498215,0.0,0.0,0.4986863519480018,31.4341634,-96.28841514,POINT (-96.28841514 31.4341634),False
48297,Live Oak County,TX,Texas,0.16,0.123898082910044,0.0,0.0,0.4795325564441249,28.67840617,-98.17184763,POINT (-98.17184763 28.67840617),False
48299,Llano County,TX,Texas,0.244,0.271793701506162,0.0,0.0,0.1692227777966233,30.83413497,-98.40321151,POINT (-98.40321151 30.83413497),False
48301,Loving County,TX,Texas,0.124,0.200269757218503,0.0,0.0,4.217430933742541,31.69193619,-103.4619754,POINT (-103.4619754 31.69193619),False
48303,Lubbock County,TX,Texas,0.0559999999999999,0.0,0.0895756710136344,0.0,0.0,33.5914,-102.0569,POINT (-102.0569 33.5914),False
48305,Lynn County,TX,Texas,0.109,0.0,0.4796889190044237,0.0,0.0,33.033,-101.673,POINT (-101.673 33.033),False
48307,McCulloch County,TX,Texas,0.172,0.1,0.6287563956881035,0.0,0.0,31.2185,-99.4171,POINT (-99.4171 31.2185),False
48311,McMullen County,TX,Texas,0.124,0.0916067146282974,0.0,0.0,1.16343048539617,28.33050904,-98.76503622,POINT (-98.76503622 28.33050904),False
48317,Martin County,TX,Texas,0.15,0.131847990583487,0.5725555929003143,0.0,2.9053917835513734,32.09570527,-101.909321,POINT (-101.909321 32.09570527),False
48321,Matagorda County,TX,Texas,0.087,0.0597828087612737,0.6045708198528301,0.0,0.0,28.8678,-95.9168,POINT (-95.9168 28.8678),False
48329,Midland County,TX,Texas,0.151,0.19828612114123,0.0,0.0,6.0366197289179695,31.69659614,-101.886608,POINT (-101.886608 31.69659614),False
48333,Mills County,TX,Texas,0.254,0.185563883961778,1.985372242957975,0.0,0.4257911861794516,31.34742441,-98.61447568,POINT (-98.61447568 31.34742441),False
48335,Mitchell County,TX,Texas,0.341,0.07338,0.5473416939016906,0.0,0.0,32.4673,-100.687,POINT (-100.687 32.4673),False
48337,Montague County,TX,Texas,0.3329999999999999,0.249860974078393,0.0,0.0,0.5552285627196784,33.5885799,-97.68079091,POINT (-97.68079091 33.5885799),False
48341,Moore County,TX,Texas,0.347,0.0764243433222346,0.2379107730921421,0.0,0.0,35.8114,-101.995,POINT (-101.995 35.8114),False
48347,Nacogdoches County,TX,Texas,0.347,0.205029251265916,0.0,0.0,1.1895900245667486,31.55406905,-94.39765411,POINT (-94.39765411 31.55406905),False
48353,Nolan County,TX,Texas,0.351,0.0,1.8726240349969712,0.0,0.0,32.3272,-100.475,POINT (-100.475 32.3272),False
48357,Ochiltree County,TX,Texas,0.239,0.0,0.6743300080628993,0.0,0.4054909001148432,36.14589238,-100.7715472,POINT (-100.7715472 36.14589238),False
48359,Oldham County,TX,Texas,0.284,0.214666159406506,1.2524331455901627,0.0,0.0,35.2812,-102.682,POINT (-102.682 35.2812),False
48365,Panola County,TX,Texas,0.384,0.204302400078853,0.0,0.0,4.517984383730066,32.05085083,-94.35472377,POINT (-94.35472377 32.05085083),False
48371,Pecos County,TX,Texas,0.221,0.059176340519624,1.7117927584092911,0.0,1.6513255339918191,30.45083252,-102.7928171,POINT (-102.7928171 30.45083252),False
48381,Randall County,TX,Texas,0.407,0.200769152919745,0.614991732614317,0.0,0.0,34.7615,-102.084,POINT (-102.084 34.7615),False
48383,Reagan County,TX,Texas,0.1949999999999999,0.06603,0.6997373037376682,0.0,2.944610311171724,31.1856,-101.371,POINT (-101.371 31.1856),False
48389,Reeves County,TX,Texas,0.1179999999999999,0.231201506929183,0.0,0.0,9.222260078782236,31.05880158,-103.4242978,POINT (-103.4242978 31.05880158),True
48393,Roberts County,TX,Texas,0.633,0.0,0.6943490350340971,0.0,0.0,35.6481,-100.543,POINT (-100.543 35.6481),False
48395,Robertson County,TX,Texas,0.13,0.204947508845195,0.0,0.0,1.095713382673733,30.99602518,-96.4636569,POINT (-96.4636569 30.99602518),False
48401,Rusk County,TX,Texas,0.485,0.237632996190726,0.0,0.0,0.4841315711772225,32.13775362,-94.87696157,POINT (-94.87696157 32.13775362),False
48405,San Augustine County,TX,Texas,0.345,0.331133649599215,0.0,0.0,0.8648460283011975,31.54651146,-94.27049456,POINT (-94.27049456 31.54651146),False
48409,San Patricio County,TX,Texas,0.089,0.06927,2.5901759178486214,0.0,0.0,27.9033,-97.4192,POINT (-97.4192 27.9033),True
48413,Schleicher County,TX,Texas,0.348,0.0,0.6124152090428434,0.0,0.0,31.0696,-100.685,POINT (-100.685 31.0696),False
48415,Scurry County,TX,Texas,0.35,0.05366,1.8840794320548515,0.0,0.3355212572933966,32.59155554,-100.7122077,POINT (-100.7122077 32.59155554),False
48417,Shackelford County,TX,Texas,0.4479999999999999,0.0,0.6433831450052341,0.0,0.0,32.6357,-99.4554,POINT (-99.4554 32.6357),False
48419,Shelby County,TX,Texas,0.312,0.263624856611685,0.0,0.0,0.7415645553166433,31.77899907,-94.18985112,POINT (-94.18985112 31.77899907),False
48423,Smith County,TX,Texas,0.428,0.0940584179970972,0.0,0.0,0.2400628645385589,32.40673306,-95.17820857,POINT (-95.17820857 32.40673306),False
48427,Starr County,TX,Texas,0.33,0.0,1.2878727991131702,0.0,0.0,26.4905,-98.7305,POINT (-98.7305 26.4905),False
48431,Sterling County,TX,Texas,0.516,0.05886,1.37930303268404,0.0,0.0,31.8627,-100.927,POINT (-100.927 31.8627),False
48439,Tarrant County,TX,Texas,0.135,0.00637,0.0,0.0,1.401635847570199,32.63857118,-97.2981989,POINT (-97.2981989 32.63857118),False
48441,Taylor County,TX,Texas,0.252,0.0,1.2482629176115414,0.0,0.0,32.2526,-100.148,POINT (-100.148 32.2526),False
48445,Terry County,TX,Texas,0.084,0.0,0.0,0.0,0.3907548639990298,32.98692251,-102.4798859,POINT (-102.4798859 32.98692251),False
48447,Throckmorton County,TX,Texas,0.417,0.0,2.07095979081154,0.0,0.0,33.1855,-99.2359,POINT (-99.2359 33.1855),False
48457,Tyler County,TX,Texas,0.421,0.37023074898371,0.0,0.0,0.4396031091865685,30.7770302,-94.33166988,POINT (-94.33166988 30.7770302),False
48461,Upton County,TX,Texas,0.119,0.11861101306036,0.4546925552805442,0.0,1.269390786800375,31.1081,-101.916,POINT (-101.916 31.1081),False
48465,Val Verde County,TX,Texas,0.301,0.0752889802209093,0.6028176749072129,0.0,0.0,29.7449,-100.784,POINT (-100.784 29.7449),False
48475,Ward County,TX,Texas,0.183,0.2,0.0,0.0,1.706905932853038,31.4341013,-103.2395951,POINT (-103.2395951 31.4341013),False
48479,Webb County,TX,Texas,0.1009999999999999,0.02862,2.513414306256992,0.0,6.71926331168684,27.3115,-98.9772,POINT (-98.9772 27.3115),True
48483,Wheeler County,TX,Texas,0.528,0.0475061973227566,0.0,0.0,0.4862895363460494,35.46247562,-100.0557083,POINT (-100.0557083 35.46247562),False
48487,Wilbarger County,TX,Texas,0.244,0.11407976519337,2.0220862343898847,0.0,0.0,33.8525,-99.0442,POINT (-99.0442 33.8525),False
48495,Winkler County,TX,Texas,0.1949999999999999,0.2,0.5358252472012346,0.0,0.7425164344045091,31.72784804,-102.9572526,POINT (-102.9572526 31.72784804),False
48497,Wise County,TX,Texas,0.314,0.1,0.0,0.0,0.7996527082548084,33.09329989,-97.42324174,POINT (-97.42324174 33.09329989),False
48501,Yoakum County,TX,Texas,0.155,0.03362,0.0,0.0,1.2390623074735765,33.02500499,-102.7818922,POINT (-102.7818922 33.02500499),False
48505,Zapata County,TX,Texas,0.181,0.0,1.294251365078453,0.0,0.0,26.6614,-99.0901,POINT (-99.0901 26.6614),False
49027,Millard County,UT,Utah,0.245,0.00164,0.5500782076472719,0.0,0.0,38.5982,-112.899,POINT (-112.899 38.5982),False
49045,Tooele County,UT,Utah,0.2769999999999999,0.0,0.0418819155295915,0.0,0.0,40.503,-112.3706,POINT (-112.3706 40.503),False
49049,Utah County,UT,Utah,0.475,0.0,0.3206440085622982,0.0,0.0,40.0739,-111.587,POINT (-111.587 40.0739),False
50003,Bennington County,VT,Vermont,0.155,0.0,0.3825054106133182,0.0,0.0,42.8612,-72.9644,POINT (-72.9644 42.8612),False
50019,Orleans County,VT,Vermont,0.089,0.0,0.4879646563960886,0.0,0.0,44.7509,-72.4249,POINT (-72.4249 44.7509),False
51005,Alleghany County,VA,Virginia,0.228,0.2,0.0,0.0,0.6143145660099117,37.93766667,-80.05105006,POINT (-80.05105006 37.93766667),False
51810,Virginia Beach city,VA,Virginia,0.151,0.1,1.2612244618484838,0.0,0.0,36.8868,-75.4916,POINT (-75.4916 36.8868),False
53001,Adams County,WA,Washington,0.182,0.03339,0.5978076146143243,0.0,0.0,46.8692,-118.413,POINT (-118.413 46.8692),False
53005,Benton County,WA,Washington,0.291,0.09902,0.3912306096800584,0.0,0.0,46.0954,-119.136,POINT (-119.136 46.0954),False
53013,Columbia County,WA,Washington,0.3429999999999999,0.1,1.5455346653424404,0.0,0.0,46.3637,-117.858,POINT (-117.858 46.3637),False
53037,Kittitas County,WA,Washington,0.5760000000000001,0.100588037634409,1.7432888077130868,0.0,0.0,46.9604,-120.195,POINT (-120.195 46.9604),False
53039,Klickitat County,WA,Washington,0.54,0.123428934615079,3.289306966368655,0.0,0.0,45.733,-120.837,POINT (-120.837 45.733),False
53049,Pacific County,WA,Washington,0.135,0.1,0.1748327554627674,0.0,0.0,46.7936,-124.0654,POINT (-124.0654 46.7936),False
53071,Walla Walla County,WA,Washington,0.173,0.1,0.6264239002316621,0.0,0.0,46.0401,-118.8802,POINT (-118.8802 46.0401),False
54009,Brooke County,WV,West Virginia,0.0819999999999999,0.0,0.0,0.0,0.7156179203236023,40.24546723,-80.57183449,POINT (-80.57183449 40.24546723),False
54017,Doddridge County,WV,West Virginia,0.165,0.0,0.0,0.1151865487686349,0.8336600365254636,39.28692158,-80.7158273,POINT (-80.7158273 39.28692158),False
54023,Grant County,WV,West Virginia,0.21,0.19346969212741,1.098768295898265,0.0,0.0,39.2259,-79.1303,POINT (-79.1303 39.2259),False
54025,Greenbrier County,WV,West Virginia,0.193,0.114982946240052,0.5473416939016906,0.0,0.0,38.0822,-80.5169,POINT (-80.5169 38.0822),False
54033,Harrison County,WV,West Virginia,0.172,0.0,0.0,3.4508194818610194e-05,0.674819435417336,39.25999806,-80.45571759,POINT (-80.45571759 39.25999806),False
54045,Logan County,WV,West Virginia,0.321,0.00954,0.0,0.0004257291820712,0.0,37.81628108,-81.95725256,POINT (-81.95725256 37.81628108),False
54049,Marion County,WV,West Virginia,0.1939999999999999,0.0,0.0,0.0,0.5751376882758827,39.4715215,-80.31845624,POINT (-80.31845624 39.4715215),False
54051,Marshall County,WV,West Virginia,0.139,0.0,0.0,0.2720354234875871,1.4807466659200097,39.75347505,-80.7782858,POINT (-80.7782858 39.75347505),True
54057,Mineral County,WV,West Virginia,0.215,0.157008773719649,0.5666662072442876,0.0,0.0,39.3432,-79.1115,POINT (-79.1115 39.3432),False
54059,Mingo County,WV,West Virginia,0.315,0.0719841966637401,0.0,0.0,0.4695793302624804,37.72159092,-82.10434567,POINT (-82.10434567 37.72159092),False
54061,Monongalia County,WV,West Virginia,0.17,0.0,0.0,0.0,1.237403295248818,39.67251888,-80.35613002,POINT (-80.35613002 39.67251888),False
54069,Ohio County,WV,West Virginia,0.085,0.0,0.0,0.3299529944745215,0.0,40.08223565,-80.57937574,POINT (-80.57937574 40.08223565),True
54073,Pleasants County,WV,West Virginia,0.156,0.0,0.0,0.0172866771846521,0.432202020985335,39.41666667,-81.08333333,POINT (-81.08333333 39.41666667),False
54085,Ritchie County,WV,West Virginia,0.159,0.0,0.0,0.0046762689308574,1.2918582287800764,39.27328159,-80.92867123,POINT (-80.92867123 39.27328159),False
54093,Tucker County,WV,West Virginia,0.168,0.0861103253182461,0.4900633084173176,0.0,0.0,39.2076,-79.515,POINT (-79.515 39.2076),False
54095,Tyler County,WV,West Virginia,0.156,0.0,0.0,0.3568062302869016,1.2566935418078349,39.41465675,-80.837478,POINT (-80.837478 39.41465675),True
54103,Wetzel County,WV,West Virginia,0.168,0.0,0.0,0.0742678539768272,1.81216767188478,39.54356884,-80.65784741,POINT (-80.65784741 39.54356884),True
55039,Fond du Lac County,WI,Wisconsin,0.044,0.0795461186325119,1.039513196128234,0.0,0.0,43.6584,-88.5096,POINT (-88.5096 43.6584),False
55043,Grant County,WI,Wisconsin,0.0579999999999999,0.249314135616305,0.5352237043324672,0.0,0.0,42.9514,-90.4407,POINT (-90.4407 42.9514),False
55049,Iowa County,WI,Wisconsin,0.087,0.135655930871956,0.3825054106133182,0.0,0.0,42.963,-90.368,POINT (-90.368 42.963),False
55061,Kewaunee County,WI,Wisconsin,0.011,0.100059982005398,0.2500538833039465,0.0,0.0,44.6697,-87.6273,POINT (-87.6273 44.6697),False
55101,Racine County,WI,Wisconsin,0.016,0.0,0.0311414073700367,0.0,0.0,42.7094,-87.8853,POINT (-87.8853 42.7094),False
56001,Albany County,WY,Wyoming,0.201,0.133025366723397,0.7129120695411999,0.0,0.0,41.919,-105.869,POINT (-105.869 41.919),False
56005,Campbell County,WY,Wyoming,0.3279999999999999,0.0,0.0,0.1549640922707088,2.123122548483336,43.52959268,-105.5177163,POINT (-105.5177163 43.52959268),True
56007,Carbon County,WY,Wyoming,0.152,0.140050358014006,2.7822389286864064,0.0498063391917187,0.6444823660026073,41.34486316,-107.8511483,POINT (-107.8511483 41.34486316),True
56009,Converse County,WY,Wyoming,0.273,0.00759,1.8990243358656087,0.2402433629215359,1.9985413109353172,42.986025,-105.9708744,POINT (-105.9708744 42.986025),True
56013,Fremont County,WY,Wyoming,0.212,0.00574,0.0,0.1206111162007922,0.0,42.752811,-108.1697343,POINT (-108.1697343 42.752811),False
56019,Johnson County,WY,Wyoming,0.295,0.02892,0.0,0.0,0.693964869335863,44.11952981,-106.062312,POINT (-106.062312 44.11952981),False
56021,Laramie County,WY,Wyoming,0.182,0.00011,1.8139512955873296,0.0,0.6593524091935284,41.0547,-104.9954,POINT (-104.9954 41.0547),True
56023,Lincoln County,WY,Wyoming,0.221,0.00684,0.0,0.0012846950277255,0.0,42.17743884,-110.1150219,POINT (-110.1150219 42.17743884),False
56025,Natrona County,WY,Wyoming,0.215,0.01998,0.6248469599562627,0.3426441303589798,0.0,43.1234068,-107.2040126,POINT (-107.2040126 43.1234068),True
56027,Niobrara County,WY,Wyoming,0.218,0.0,0.0,0.0298085494856603,0.0838976959056699,42.936228,-104.8716,POINT (-104.8716 42.936228),False
56029,Park County,WY,Wyoming,0.263,0.0184,0.0,0.0,0.0840489211680161,44.06300224,-108.8078023,POINT (-108.8078023 44.06300224),False
56035,Sublette County,WY,Wyoming,0.213,0.0401,0.0,0.0204423513846458,0.3406362118143333,42.28533596,-110.2616966,POINT (-110.2616966 42.28533596),False
56037,Sweetwater County,WY,Wyoming,0.1369999999999999,0.02443,0.0,0.3392902914954738,1.7106144088247632,41.11113848,-108.6569382,POINT (-108.6569382 41.11113848),True
56041,Uinta County,WY,Wyoming,0.154,0.0,1.0770470719436729,0.0043993827294406,0.0,41.2847,-110.519,POINT (-110.519 41.2847),True
